{"open": {"mean": 16.536570863417722, "std": 4.454784555032842, "max": 1231.0, "min": 0.68}, "high": {"mean": 16.915029446054692, "std": 4.593898244769477, "max": 1241.61, "min": 0.72}, "close": {"mean": 16.56401080058486, "std": 4.45839236743728, "max": 1233.75, "min": 0.72}, "low": {"mean": 16.21025444747063, "std": 4.326396829861367, "max": 1228.06, "min": 0.68}, "volume": {"mean": 127940.32193108022, "std": 121303.64340258438, "max": 40348604.0, "min": 5.0}, "price_change": {"mean": 0.009450964232978176, "std": 0.6007934768462911, "max": 175.3, "min": -68.0}, "madiff": {"mean": -0.037789413807087925, "std": 0.7553367236758214, "max": 79.30700000000002, "min": -61.62600000000001}, "p_change": {"mean": 0.02952978314854142, "std": 3.0886779648946185, "max": 400.15, "min": -36.88}, "ma5": {"mean": 16.574450948296946, "std": 4.444129281734792, "max": 1229.91, "min": 0.768}, "ma10": {"mean": 16.5916755733469, "std": 4.426676991521603, "max": 1220.915, "min": 0.809}, "ma20": {"mean": 16.629464987154005, "std": 4.386252893917862, "max": 1205.999, "min": 0.897}, "v_ma5": {"mean": 128035.76659977752, "std": 106124.0813676348, "max": 29272595.6, "min": 13.33}, "v_ma10": {"mean": 128085.76618058403, "std": 98861.50806664924, "max": 27738857.1, "min": 13.33}, "v_ma20": {"mean": 127884.97304892004, "std": 90212.36619178994, "max": 24092189.95, "min": 13.33}, "macd": {"mean": -0.0011642471357400067, "std": 0.23285894558307915, "max": 27.326444444444302, "min": -29.41155555555537}, "pe": {"mean": 87.1808810457515, "std": 375.4817395374644, "max": 8979.44, "min": 0.0}, "outstanding": {"mean": 13.895592156862765, "std": 82.79580735082807, "max": 2940.55, "min": 0.0}, "totals": {"mean": 18.456745098039264, "std": 113.98947827299641, "max": 3564.06, "min": 0.0}, "totalAssets": {"mean": 729.8668862745092, "std": 9299.99055115181, "max": 301094.34, "min": 0.27}, "liquidAssets": {"mean": 95.36128627450977, "std": 512.8348642830193, "max": 14389.89, "min": 0.0}, "fixedAssets": {"mean": 39.878726797385724, "std": 223.94509668069807, "max": 7034.14, "min": 0.0}, "reserved": {"mean": 25.248915032679715, "std": 87.47153318855835, "max": 1735.56, "min": -17.06}, "reservedPerShare": {"mean": 1.9902823529411784, "std": 1.9699590675410912, "max": 18.45, "min": -1.23}, "esp": {"mean": 0.3730596078431373, "std": 0.7454888094134086, "max": 24.244, "min": -5.4239999999999995}, "bvps": {"mean": 5.099210457516354, "std": 4.23999547345907, "max": 99.71, "min": -7.3}, "pb": {"mean": 3.258962091503267, "std": 13.223367767711881, "max": 256.89, "min": -654.13}, "undp": {"mean": 42.99028235294124, "std": 388.73162661275694, "max": 13685.36, "min": -265.38}, "perundp": {"mean": 1.6510823529411773, "std": 2.605961358551641, "max": 83.93, "min": -10.15}, "rev": {"mean": 15.490836601307189, "std": 334.3256293534872, "max": 20478.41, "min": -158.77}, "profit": {"mean": 41.779641830065295, "std": 2263.893974298238, "max": 132920.58, "min": -13666.49}, "gpr": {"mean": 29.65471633986938, "std": 27.240693339533728, "max": 99.94, "min": -826.66}, "npr": {"mean": -30.93155294117649, "std": 2056.436442543408, "max": 8340.01, "min": -126299.71}, "holders": {"mean": 50400.43450980392, "std": 70987.52559273523, "max": 1577649.0, "min": 0.0}, "exist_time": {"mean": 4175.219607843137, "std": 3010.6580158969355, "max": 10711.0, "min": -1.0}}
